<?xml version="1.0" encoding="UTF-8"?>
<project-private xmlns="http://www.netbeans.org/ns/project-private/1">
    <editor-bookmarks xmlns="http://www.netbeans.org/ns/editor-bookmarks/2" lastBookmarkId="0"/>
    <open-files xmlns="http://www.netbeans.org/ns/projectui-open-files/2">
        <group>
            <file>file:/home/cow/Classes/CPSC441/Assignment1/src/assignment1/TCPClient.java</file>
            <file>file:/home/cow/Classes/CPSC441/Assignment1/src/assignment1/UrlCache.java</file>
            <file>file:/home/cow/Classes/CPSC441/Assignment1/src/assignment1/Database.java</file>
            <file>file:/home/cow/Classes/CPSC441/Assignment1/src/DataStructure/Data.java</file>
            <file>file:/home/cow/Classes/CPSC441/Assignment1/src/assignment1/Tester.java</file>
        </group>
    </open-files>
</project-private>
